datetime,open,high,low,close,volume,hold
2025-04-22 21:13:00,9348.0,9354.0,9347.0,9352.0,1289,313506
2025-04-22 21:14:00,9352.0,9354.0,9351.0,9352.0,1000,313596
2025-04-22 21:15:00,9351.0,9357.0,9351.0,9354.0,1019,313632
2025-04-22 21:16:00,9355.0,9356.0,9351.0,9351.0,1055,313894
2025-04-22 21:17:00,9351.0,9351.0,9348.0,9350.0,1050,314086
2025-04-22 21:18:00,9350.0,9351.0,9345.0,9346.0,1451,314357
2025-04-22 21:19:00,9347.0,9349.0,9344.0,9347.0,1317,314330
2025-04-22 21:20:00,9348.0,9352.0,9347.0,9351.0,929,314317
2025-04-22 21:21:00,9351.0,9354.0,9350.0,9352.0,830,314308
2025-04-22 21:22:00,9352.0,9354.0,9352.0,9352.0,597,314280
2025-04-22 21:23:00,9351.0,9352.0,9346.0,9346.0,812,314239
2025-04-22 21:24:00,9346.0,9350.0,9346.0,9349.0,931,314439
2025-04-22 21:25:00,9350.0,9357.0,9350.0,9355.0,1412,314476
2025-04-22 21:26:00,9356.0,9357.0,9352.0,9352.0,709,314650
2025-04-22 21:27:00,9353.0,9356.0,9350.0,9356.0,521,314563
2025-04-22 21:28:00,9356.0,9356.0,9348.0,9349.0,836,314535
2025-04-22 21:29:00,9350.0,9350.0,9343.0,9344.0,1645,314612
2025-04-22 21:30:00,9343.0,9344.0,9337.0,9340.0,2651,314621
2025-04-22 21:31:00,9339.0,9343.0,9336.0,9343.0,2100,314722
2025-04-22 21:32:00,9342.0,9342.0,9334.0,9336.0,1743,314346
2025-04-22 21:33:00,9335.0,9335.0,9329.0,9334.0,2311,313967
2025-04-22 21:34:00,9335.0,9336.0,9332.0,9334.0,1169,314168
2025-04-22 21:35:00,9333.0,9337.0,9332.0,9337.0,1258,314190
2025-04-22 21:36:00,9335.0,9337.0,9332.0,9334.0,1190,314265
2025-04-22 21:37:00,9334.0,9339.0,9333.0,9338.0,1135,314242
2025-04-22 21:38:00,9339.0,9339.0,9337.0,9338.0,671,314214
2025-04-22 21:39:00,9338.0,9341.0,9337.0,9338.0,778,314316
2025-04-22 21:40:00,9337.0,9339.0,9334.0,9339.0,663,314215
2025-04-22 21:41:00,9338.0,9340.0,9336.0,9339.0,624,314165
2025-04-22 21:42:00,9339.0,9342.0,9339.0,9341.0,701,314078
2025-04-22 21:43:00,9342.0,9342.0,9339.0,9342.0,750,314026
2025-04-22 21:44:00,9342.0,9342.0,9339.0,9340.0,329,313996
2025-04-22 21:45:00,9340.0,9342.0,9336.0,9337.0,1018,313958
2025-04-22 21:46:00,9338.0,9340.0,9336.0,9339.0,442,313843
2025-04-22 21:47:00,9339.0,9346.0,9339.0,9342.0,1522,313803
2025-04-22 21:48:00,9342.0,9342.0,9331.0,9333.0,1294,313697
2025-04-22 21:49:00,9333.0,9336.0,9332.0,9333.0,870,313650
2025-04-22 21:50:00,9333.0,9336.0,9327.0,9336.0,1869,313540
2025-04-22 21:51:00,9335.0,9335.0,9330.0,9335.0,668,313564
2025-04-22 21:52:00,9334.0,9335.0,9333.0,9333.0,443,313481
2025-04-22 21:53:00,9333.0,9334.0,9330.0,9333.0,521,313447
2025-04-22 21:54:00,9333.0,9335.0,9332.0,9334.0,323,313446
2025-04-22 21:55:00,9334.0,9335.0,9333.0,9334.0,436,313440
2025-04-22 21:56:00,9334.0,9336.0,9334.0,9335.0,611,313368
2025-04-22 21:57:00,9335.0,9339.0,9334.0,9339.0,628,313342
2025-04-22 21:58:00,9339.0,9339.0,9335.0,9336.0,611,313390
2025-04-22 21:59:00,9336.0,9339.0,9335.0,9339.0,601,313444
2025-04-22 22:00:00,9338.0,9342.0,9338.0,9341.0,644,313416
2025-04-22 22:01:00,9340.0,9344.0,9340.0,9342.0,681,313406
2025-04-22 22:02:00,9342.0,9347.0,9341.0,9347.0,1145,313429
2025-04-22 22:03:00,9346.0,9347.0,9343.0,9345.0,808,313535
2025-04-22 22:04:00,9345.0,9348.0,9344.0,9347.0,915,313668
2025-04-22 22:05:00,9347.0,9350.0,9345.0,9349.0,934,313628
2025-04-22 22:06:00,9349.0,9353.0,9348.0,9349.0,1314,313556
2025-04-22 22:07:00,9349.0,9351.0,9347.0,9350.0,922,313522
2025-04-22 22:08:00,9350.0,9350.0,9346.0,9346.0,507,313466
2025-04-22 22:09:00,9346.0,9348.0,9346.0,9347.0,461,313425
2025-04-22 22:10:00,9347.0,9347.0,9343.0,9344.0,690,313323
2025-04-22 22:11:00,9343.0,9346.0,9342.0,9345.0,523,313295
2025-04-22 22:12:00,9345.0,9346.0,9342.0,9343.0,431,313392
2025-04-22 22:13:00,9344.0,9350.0,9344.0,9349.0,684,313331
2025-04-22 22:14:00,9349.0,9350.0,9346.0,9348.0,449,313344
2025-04-22 22:15:00,9347.0,9350.0,9347.0,9348.0,323,313353
2025-04-22 22:16:00,9348.0,9352.0,9348.0,9351.0,756,313300
2025-04-22 22:17:00,9350.0,9350.0,9340.0,9342.0,1301,313055
2025-04-22 22:18:00,9343.0,9347.0,9342.0,9346.0,574,313022
2025-04-22 22:19:00,9346.0,9346.0,9344.0,9345.0,356,313001
2025-04-22 22:20:00,9345.0,9347.0,9341.0,9342.0,650,312773
2025-04-22 22:21:00,9341.0,9347.0,9340.0,9347.0,641,312702
2025-04-22 22:22:00,9346.0,9347.0,9345.0,9345.0,257,312675
2025-04-22 22:23:00,9345.0,9346.0,9341.0,9342.0,450,312682
2025-04-22 22:24:00,9342.0,9345.0,9340.0,9345.0,765,312716
2025-04-22 22:25:00,9345.0,9347.0,9345.0,9347.0,612,312817
2025-04-22 22:26:00,9347.0,9347.0,9344.0,9345.0,333,312806
2025-04-22 22:27:00,9345.0,9347.0,9329.0,9332.0,3664,312383
2025-04-22 22:28:00,9331.0,9332.0,9325.0,9329.0,2675,311893
2025-04-22 22:29:00,9329.0,9329.0,9326.0,9328.0,1063,311810
2025-04-22 22:30:00,9327.0,9333.0,9324.0,9333.0,2070,311637
2025-04-22 22:31:00,9333.0,9334.0,9328.0,9328.0,1076,311481
2025-04-22 22:32:00,9329.0,9329.0,9326.0,9328.0,692,311405
2025-04-22 22:33:00,9329.0,9331.0,9328.0,9330.0,865,311321
2025-04-22 22:34:00,9329.0,9329.0,9322.0,9322.0,1870,311182
2025-04-22 22:35:00,9323.0,9328.0,9322.0,9327.0,964,311004
2025-04-22 22:36:00,9326.0,9327.0,9325.0,9326.0,706,310966
2025-04-22 22:37:00,9327.0,9329.0,9326.0,9329.0,594,310928
2025-04-22 22:38:00,9329.0,9333.0,9328.0,9332.0,639,310703
2025-04-22 22:39:00,9333.0,9333.0,9330.0,9332.0,464,310681
2025-04-22 22:40:00,9332.0,9334.0,9328.0,9329.0,925,310578
2025-04-22 22:41:00,9329.0,9334.0,9329.0,9334.0,687,310601
2025-04-22 22:42:00,9334.0,9336.0,9332.0,9332.0,803,310429
2025-04-22 22:43:00,9332.0,9334.0,9326.0,9328.0,591,310371
2025-04-22 22:44:00,9328.0,9331.0,9328.0,9330.0,401,310349
2025-04-22 22:45:00,9329.0,9331.0,9328.0,9328.0,474,310207
2025-04-22 22:46:00,9328.0,9331.0,9327.0,9331.0,403,310077
2025-04-22 22:47:00,9330.0,9333.0,9330.0,9330.0,680,310089
2025-04-22 22:48:00,9329.0,9330.0,9327.0,9328.0,453,309975
2025-04-22 22:49:00,9328.0,9328.0,9314.0,9316.0,4318,308734
2025-04-22 22:50:00,9316.0,9316.0,9309.0,9312.0,3234,307955
2025-04-22 22:51:00,9312.0,9312.0,9308.0,9309.0,1251,307656
2025-04-22 22:52:00,9308.0,9311.0,9306.0,9309.0,1676,307368
2025-04-22 22:53:00,9310.0,9314.0,9309.0,9314.0,884,306967
2025-04-22 22:54:00,9314.0,9318.0,9314.0,9315.0,1241,306621
2025-04-22 22:55:00,9316.0,9316.0,9312.0,9313.0,676,306528
2025-04-22 22:56:00,9315.0,9316.0,9313.0,9315.0,482,306289
2025-04-22 22:57:00,9315.0,9316.0,9313.0,9314.0,571,306164
2025-04-22 22:58:00,9314.0,9317.0,9313.0,9317.0,459,306012
2025-04-22 22:59:00,9317.0,9318.0,9313.0,9315.0,1132,305680
2025-04-22 23:00:00,9315.0,9318.0,9314.0,9316.0,1111,305165
2025-04-23 09:01:00,9337.0,9345.0,9331.0,9336.0,5646,305106
2025-04-23 09:02:00,9336.0,9345.0,9331.0,9343.0,3417,305071
2025-04-23 09:03:00,9343.0,9351.0,9339.0,9348.0,2863,305384
2025-04-23 09:04:00,9348.0,9353.0,9345.0,9352.0,2778,305673
2025-04-23 09:05:00,9356.0,9359.0,9350.0,9351.0,3158,305535
2025-04-23 09:06:00,9350.0,9353.0,9347.0,9353.0,1470,305604
2025-04-23 09:07:00,9354.0,9358.0,9346.0,9346.0,2850,305616
2025-04-23 09:08:00,9346.0,9350.0,9345.0,9345.0,1593,305477
2025-04-23 09:09:00,9345.0,9351.0,9345.0,9348.0,906,305544
2025-04-23 09:10:00,9346.0,9347.0,9344.0,9346.0,640,305605
2025-04-23 09:11:00,9346.0,9353.0,9345.0,9350.0,1131,305688
2025-04-23 09:12:00,9351.0,9351.0,9346.0,9350.0,770,305847
2025-04-23 09:13:00,9349.0,9350.0,9348.0,9348.0,484,305847
2025-04-23 09:14:00,9349.0,9352.0,9346.0,9352.0,897,305934
2025-04-23 09:15:00,9353.0,9356.0,9352.0,9352.0,1092,306014
2025-04-23 09:16:00,9352.0,9361.0,9351.0,9360.0,2370,305993
2025-04-23 09:17:00,9360.0,9364.0,9357.0,9360.0,2230,306316
2025-04-23 09:18:00,9362.0,9369.0,9362.0,9367.0,2506,306768
2025-04-23 09:19:00,9367.0,9369.0,9363.0,9363.0,1805,306805
2025-04-23 09:20:00,9366.0,9371.0,9366.0,9369.0,1918,307052
2025-04-23 09:21:00,9367.0,9370.0,9364.0,9365.0,1290,307492
2025-04-23 09:22:00,9366.0,9368.0,9360.0,9360.0,1328,307438
2025-04-23 09:23:00,9360.0,9367.0,9359.0,9364.0,1254,307393
2025-04-23 09:24:00,9363.0,9364.0,9361.0,9361.0,1159,307492
2025-04-23 09:25:00,9361.0,9367.0,9361.0,9365.0,757,307600
2025-04-23 09:26:00,9365.0,9365.0,9361.0,9361.0,594,307685
2025-04-23 09:27:00,9361.0,9367.0,9359.0,9366.0,1293,307827
2025-04-23 09:28:00,9365.0,9368.0,9363.0,9366.0,985,308078
2025-04-23 09:29:00,9365.0,9368.0,9365.0,9366.0,787,308208
2025-04-23 09:30:00,9367.0,9375.0,9365.0,9372.0,2095,308663
2025-04-23 09:31:00,9372.0,9373.0,9367.0,9370.0,1174,308802
2025-04-23 09:32:00,9369.0,9371.0,9368.0,9369.0,647,308783
2025-04-23 09:33:00,9369.0,9369.0,9365.0,9367.0,687,308809
2025-04-23 09:34:00,9367.0,9368.0,9363.0,9364.0,654,308784
2025-04-23 09:35:00,9364.0,9366.0,9355.0,9358.0,1676,308543
2025-04-23 09:36:00,9357.0,9358.0,9354.0,9357.0,1130,308548
2025-04-23 09:37:00,9357.0,9359.0,9356.0,9358.0,634,308622
2025-04-23 09:38:00,9358.0,9360.0,9356.0,9359.0,711,308627
2025-04-23 09:39:00,9360.0,9360.0,9351.0,9353.0,1467,308740
2025-04-23 09:40:00,9352.0,9356.0,9352.0,9353.0,649,308699
2025-04-23 09:41:00,9354.0,9358.0,9354.0,9357.0,576,308622
2025-04-23 09:42:00,9357.0,9359.0,9353.0,9353.0,576,308695
2025-04-23 09:43:00,9351.0,9356.0,9350.0,9356.0,854,308633
2025-04-23 09:44:00,9356.0,9356.0,9353.0,9354.0,391,308671
2025-04-23 09:45:00,9353.0,9354.0,9350.0,9351.0,663,308529
2025-04-23 09:46:00,9351.0,9352.0,9348.0,9352.0,1075,308474
2025-04-23 09:47:00,9352.0,9352.0,9348.0,9349.0,1026,308582
2025-04-23 09:48:00,9349.0,9351.0,9342.0,9343.0,1761,308218
2025-04-23 09:49:00,9344.0,9346.0,9341.0,9342.0,1208,308067
2025-04-23 09:50:00,9342.0,9344.0,9336.0,9338.0,1820,308174
2025-04-23 09:51:00,9337.0,9340.0,9337.0,9339.0,850,308142
2025-04-23 09:52:00,9340.0,9342.0,9337.0,9339.0,809,308230
2025-04-23 09:53:00,9340.0,9342.0,9337.0,9342.0,729,308225
2025-04-23 09:54:00,9342.0,9342.0,9338.0,9340.0,601,308049
2025-04-23 09:55:00,9340.0,9340.0,9318.0,9318.0,3536,307658
2025-04-23 09:56:00,9318.0,9325.0,9318.0,9323.0,2471,307271
2025-04-23 09:57:00,9322.0,9322.0,9310.0,9315.0,3585,307166
2025-04-23 09:58:00,9314.0,9322.0,9314.0,9322.0,1667,307030
2025-04-23 09:59:00,9321.0,9324.0,9321.0,9324.0,1280,306777
2025-04-23 10:00:00,9324.0,9324.0,9316.0,9316.0,1453,306934
2025-04-23 10:01:00,9316.0,9318.0,9309.0,9313.0,2507,307085
2025-04-23 10:02:00,9312.0,9315.0,9310.0,9310.0,1546,307158
2025-04-23 10:03:00,9308.0,9310.0,9305.0,9309.0,2940,307202
2025-04-23 10:04:00,9309.0,9310.0,9306.0,9309.0,1158,307130
2025-04-23 10:05:00,9309.0,9315.0,9309.0,9314.0,1420,307079
2025-04-23 10:06:00,9314.0,9315.0,9312.0,9314.0,900,307173
2025-04-23 10:07:00,9314.0,9321.0,9314.0,9320.0,1424,306860
2025-04-23 10:08:00,9320.0,9322.0,9318.0,9321.0,1039,306956
2025-04-23 10:09:00,9320.0,9321.0,9319.0,9321.0,461,306800
2025-04-23 10:10:00,9320.0,9323.0,9319.0,9321.0,533,306736
2025-04-23 10:11:00,9321.0,9324.0,9320.0,9324.0,750,306730
2025-04-23 10:12:00,9324.0,9329.0,9323.0,9328.0,1259,306548
2025-04-23 10:13:00,9328.0,9330.0,9326.0,9329.0,916,306348
2025-04-23 10:14:00,9329.0,9331.0,9326.0,9329.0,695,306197
2025-04-23 10:15:00,9329.0,9330.0,9326.0,9327.0,488,306086
2025-04-23 10:31:00,9328.0,9328.0,9316.0,9319.0,2253,305592
2025-04-23 10:32:00,9318.0,9327.0,9318.0,9321.0,1103,305782
2025-04-23 10:33:00,9323.0,9326.0,9319.0,9319.0,917,305852
2025-04-23 10:34:00,9319.0,9321.0,9317.0,9319.0,1165,305749
2025-04-23 10:35:00,9318.0,9318.0,9310.0,9314.0,2512,306040
2025-04-23 10:36:00,9316.0,9321.0,9314.0,9320.0,947,305977
2025-04-23 10:37:00,9321.0,9327.0,9321.0,9326.0,861,306049
2025-04-23 10:38:00,9327.0,9328.0,9325.0,9327.0,693,306003
2025-04-23 10:39:00,9326.0,9327.0,9322.0,9324.0,532,305964
2025-04-23 10:40:00,9323.0,9325.0,9322.0,9322.0,522,305925
2025-04-23 10:41:00,9322.0,9324.0,9319.0,9320.0,676,305931
2025-04-23 10:42:00,9320.0,9322.0,9319.0,9319.0,310,305900
2025-04-23 10:43:00,9320.0,9320.0,9318.0,9319.0,431,306032
2025-04-23 10:44:00,9319.0,9321.0,9315.0,9316.0,1793,306002
2025-04-23 10:45:00,9316.0,9319.0,9316.0,9319.0,286,305878
2025-04-23 10:46:00,9318.0,9320.0,9317.0,9318.0,438,305751
2025-04-23 10:47:00,9317.0,9317.0,9311.0,9313.0,973,305893
2025-04-23 10:48:00,9312.0,9315.0,9311.0,9312.0,843,305897
2025-04-23 10:49:00,9312.0,9314.0,9310.0,9312.0,834,305828
2025-04-23 10:50:00,9312.0,9315.0,9311.0,9315.0,807,305891
2025-04-23 10:51:00,9315.0,9319.0,9314.0,9318.0,447,305811
2025-04-23 10:52:00,9318.0,9319.0,9314.0,9318.0,564,305879
2025-04-23 10:53:00,9318.0,9320.0,9316.0,9320.0,379,305872
2025-04-23 10:54:00,9320.0,9322.0,9320.0,9320.0,558,305866
2025-04-23 10:55:00,9321.0,9324.0,9321.0,9323.0,360,305806
2025-04-23 10:56:00,9322.0,9323.0,9314.0,9315.0,991,305685
2025-04-23 10:57:00,9316.0,9316.0,9307.0,9310.0,1706,305760
2025-04-23 10:58:00,9310.0,9318.0,9310.0,9316.0,973,305859
2025-04-23 10:59:00,9317.0,9319.0,9315.0,9318.0,778,305827
2025-04-23 11:00:00,9319.0,9319.0,9317.0,9319.0,628,305597
2025-04-23 11:01:00,9319.0,9320.0,9316.0,9316.0,442,305533
2025-04-23 11:02:00,9316.0,9323.0,9316.0,9323.0,594,305407
2025-04-23 11:03:00,9322.0,9322.0,9319.0,9321.0,389,305404
2025-04-23 11:04:00,9321.0,9326.0,9320.0,9321.0,768,305360
2025-04-23 11:05:00,9321.0,9324.0,9321.0,9324.0,517,305507
2025-04-23 11:06:00,9324.0,9327.0,9323.0,9327.0,628,305430
2025-04-23 11:07:00,9327.0,9329.0,9326.0,9326.0,807,305361
2025-04-23 11:08:00,9326.0,9328.0,9322.0,9324.0,524,305268
2025-04-23 11:09:00,9324.0,9324.0,9320.0,9320.0,349,305309
2025-04-23 11:10:00,9320.0,9322.0,9318.0,9322.0,395,305290
2025-04-23 11:11:00,9322.0,9322.0,9319.0,9320.0,212,305244
2025-04-23 11:12:00,9320.0,9322.0,9320.0,9321.0,253,305291
2025-04-23 11:13:00,9321.0,9321.0,9314.0,9319.0,852,305404
2025-04-23 11:14:00,9319.0,9323.0,9319.0,9323.0,763,305362
2025-04-23 11:15:00,9324.0,9336.0,9324.0,9336.0,1758,305268
2025-04-23 11:16:00,9335.0,9338.0,9331.0,9331.0,2046,304937
2025-04-23 11:17:00,9331.0,9331.0,9322.0,9323.0,1265,304946
2025-04-23 11:18:00,9323.0,9326.0,9319.0,9326.0,945,304932
2025-04-23 11:19:00,9326.0,9326.0,9323.0,9323.0,364,304998
2025-04-23 11:20:00,9325.0,9326.0,9324.0,9325.0,228,304945
2025-04-23 11:21:00,9325.0,9328.0,9323.0,9324.0,583,304989
2025-04-23 11:22:00,9324.0,9334.0,9324.0,9332.0,971,304844
2025-04-23 11:23:00,9331.0,9335.0,9327.0,9335.0,1006,304865
2025-04-23 11:24:00,9335.0,9343.0,9334.0,9341.0,2080,304737
2025-04-23 11:25:00,9344.0,9345.0,9338.0,9342.0,1794,304867
2025-04-23 11:26:00,9342.0,9343.0,9338.0,9338.0,654,304761
2025-04-23 11:27:00,9338.0,9339.0,9336.0,9338.0,529,304716
2025-04-23 11:28:00,9338.0,9345.0,9338.0,9341.0,1137,304489
2025-04-23 11:29:00,9342.0,9345.0,9336.0,9337.0,675,304413
2025-04-23 11:30:00,9338.0,9344.0,9336.0,9340.0,1091,304414
2025-04-23 13:31:00,9342.0,9357.0,9342.0,9356.0,3541,304254
2025-04-23 13:32:00,9356.0,9356.0,9353.0,9354.0,1511,304409
2025-04-23 13:33:00,9354.0,9360.0,9354.0,9358.0,1895,304615
2025-04-23 13:34:00,9359.0,9360.0,9357.0,9359.0,1392,304935
2025-04-23 13:35:00,9360.0,9363.0,9357.0,9359.0,1710,305176
2025-04-23 13:36:00,9358.0,9360.0,9355.0,9359.0,1437,305252
2025-04-23 13:37:00,9360.0,9360.0,9357.0,9357.0,615,305411
2025-04-23 13:38:00,9356.0,9357.0,9352.0,9356.0,1330,305562
2025-04-23 13:39:00,9356.0,9357.0,9353.0,9355.0,711,305751
2025-04-23 13:40:00,9354.0,9357.0,9352.0,9355.0,837,305741
2025-04-23 13:41:00,9354.0,9356.0,9353.0,9353.0,525,305761
2025-04-23 13:42:00,9352.0,9355.0,9351.0,9354.0,602,305692
2025-04-23 13:43:00,9354.0,9357.0,9352.0,9356.0,1017,305659
2025-04-23 13:44:00,9355.0,9358.0,9352.0,9354.0,700,305857
2025-04-23 13:45:00,9354.0,9355.0,9353.0,9354.0,421,305897
2025-04-23 13:46:00,9353.0,9355.0,9351.0,9352.0,908,305882
2025-04-23 13:47:00,9352.0,9354.0,9350.0,9351.0,804,305878
2025-04-23 13:48:00,9351.0,9351.0,9348.0,9349.0,687,305662
2025-04-23 13:49:00,9349.0,9349.0,9346.0,9347.0,776,305665
2025-04-23 13:50:00,9346.0,9348.0,9344.0,9345.0,1150,305669
2025-04-23 13:51:00,9345.0,9348.0,9343.0,9348.0,684,305715
2025-04-23 13:52:00,9348.0,9350.0,9346.0,9348.0,529,305808
2025-04-23 13:53:00,9348.0,9352.0,9348.0,9351.0,803,305936
2025-04-23 13:54:00,9351.0,9351.0,9348.0,9349.0,456,305959
2025-04-23 13:55:00,9348.0,9349.0,9346.0,9348.0,440,306004
2025-04-23 13:56:00,9347.0,9350.0,9347.0,9349.0,387,306019
2025-04-23 13:57:00,9349.0,9355.0,9348.0,9353.0,775,306011
2025-04-23 13:58:00,9353.0,9357.0,9351.0,9351.0,937,306182
2025-04-23 13:59:00,9352.0,9355.0,9352.0,9353.0,329,306192
2025-04-23 14:00:00,9353.0,9356.0,9353.0,9354.0,695,306333
2025-04-23 14:01:00,9354.0,9357.0,9351.0,9357.0,982,306609
2025-04-23 14:02:00,9357.0,9359.0,9355.0,9357.0,800,306697
2025-04-23 14:03:00,9357.0,9358.0,9355.0,9355.0,469,306666
2025-04-23 14:04:00,9355.0,9358.0,9351.0,9357.0,1074,306845
2025-04-23 14:05:00,9359.0,9366.0,9358.0,9363.0,2740,306837
2025-04-23 14:06:00,9364.0,9366.0,9359.0,9361.0,1608,307193
2025-04-23 14:07:00,9361.0,9362.0,9360.0,9361.0,583,307319
2025-04-23 14:08:00,9361.0,9361.0,9356.0,9358.0,684,307351
2025-04-23 14:09:00,9358.0,9363.0,9358.0,9363.0,734,307391
2025-04-23 14:10:00,9363.0,9374.0,9360.0,9372.0,3652,308285
2025-04-23 14:11:00,9372.0,9379.0,9372.0,9378.0,2606,308961
2025-04-23 14:12:00,9378.0,9378.0,9372.0,9374.0,1355,309379
2025-04-23 14:13:00,9374.0,9374.0,9371.0,9373.0,1094,309697
2025-04-23 14:14:00,9373.0,9377.0,9372.0,9377.0,1064,309998
2025-04-23 14:15:00,9377.0,9377.0,9372.0,9375.0,1552,310648
2025-04-23 14:16:00,9374.0,9376.0,9371.0,9372.0,1061,310802
2025-04-23 14:17:00,9371.0,9385.0,9371.0,9384.0,4190,311465
2025-04-23 14:18:00,9386.0,9387.0,9376.0,9380.0,2897,311621
2025-04-23 14:19:00,9380.0,9384.0,9380.0,9381.0,1143,311805
2025-04-23 14:20:00,9380.0,9382.0,9377.0,9378.0,1277,311584
2025-04-23 14:21:00,9379.0,9383.0,9378.0,9383.0,864,311639
2025-04-23 14:22:00,9384.0,9384.0,9380.0,9382.0,1249,312073
2025-04-23 14:23:00,9383.0,9384.0,9381.0,9382.0,780,312126
2025-04-23 14:24:00,9383.0,9393.0,9380.0,9392.0,4127,313191
2025-04-23 14:25:00,9392.0,9396.0,9389.0,9396.0,3276,313290
2025-04-23 14:26:00,9396.0,9398.0,9394.0,9396.0,2623,314167
2025-04-23 14:27:00,9396.0,9396.0,9393.0,9394.0,1418,314489
2025-04-23 14:28:00,9394.0,9394.0,9389.0,9394.0,1685,314634
2025-04-23 14:29:00,9393.0,9394.0,9391.0,9392.0,1026,314938
2025-04-23 14:30:00,9391.0,9395.0,9391.0,9395.0,851,315186
2025-04-23 14:31:00,9394.0,9394.0,9389.0,9391.0,1433,315363
2025-04-23 14:32:00,9391.0,9392.0,9388.0,9388.0,892,315241
2025-04-23 14:33:00,9389.0,9391.0,9388.0,9389.0,785,315319
2025-04-23 14:34:00,9390.0,9391.0,9385.0,9387.0,1097,314990
2025-04-23 14:35:00,9387.0,9390.0,9387.0,9390.0,464,315033
2025-04-23 14:36:00,9390.0,9393.0,9389.0,9393.0,944,315100
2025-04-23 14:37:00,9393.0,9394.0,9392.0,9394.0,908,315232
2025-04-23 14:38:00,9393.0,9394.0,9388.0,9389.0,659,315361
2025-04-23 14:39:00,9390.0,9390.0,9385.0,9388.0,1227,315389
2025-04-23 14:40:00,9388.0,9388.0,9386.0,9387.0,607,315432
2025-04-23 14:41:00,9388.0,9389.0,9386.0,9388.0,535,315384
2025-04-23 14:42:00,9388.0,9394.0,9388.0,9390.0,953,315653
2025-04-23 14:43:00,9390.0,9391.0,9387.0,9389.0,448,315659
2025-04-23 14:44:00,9389.0,9392.0,9388.0,9390.0,592,315804
2025-04-23 14:45:00,9389.0,9389.0,9384.0,9387.0,1194,315691
2025-04-23 14:46:00,9387.0,9390.0,9386.0,9389.0,618,315648
2025-04-23 14:47:00,9389.0,9390.0,9388.0,9389.0,244,315621
2025-04-23 14:48:00,9389.0,9389.0,9387.0,9387.0,557,315558
2025-04-23 14:49:00,9388.0,9390.0,9387.0,9389.0,474,315607
2025-04-23 14:50:00,9389.0,9389.0,9387.0,9389.0,443,315585
2025-04-23 14:51:00,9388.0,9390.0,9388.0,9389.0,738,315649
2025-04-23 14:52:00,9389.0,9399.0,9388.0,9396.0,2109,315698
2025-04-23 14:53:00,9397.0,9399.0,9392.0,9393.0,2417,316261
2025-04-23 14:54:00,9394.0,9395.0,9392.0,9394.0,496,316314
2025-04-23 14:55:00,9393.0,9396.0,9393.0,9395.0,1221,316308
2025-04-23 14:56:00,9393.0,9393.0,9389.0,9389.0,1080,316198
2025-04-23 14:57:00,9390.0,9391.0,9387.0,9390.0,1099,316003
2025-04-23 14:58:00,9390.0,9392.0,9389.0,9392.0,717,315967
2025-04-23 14:59:00,9392.0,9397.0,9392.0,9395.0,1425,315931
2025-04-23 15:00:00,9394.0,9399.0,9392.0,9396.0,2398,315577
2025-04-23 21:01:00,9375.0,9379.0,9372.0,9379.0,6233,315211
2025-04-23 21:02:00,9380.0,9383.0,9375.0,9380.0,2680,315509
2025-04-23 21:03:00,9380.0,9381.0,9374.0,9375.0,1892,315790
2025-04-23 21:04:00,9377.0,9378.0,9367.0,9367.0,3224,316404
2025-04-23 21:05:00,9366.0,9369.0,9357.0,9357.0,3617,316735
2025-04-23 21:06:00,9356.0,9356.0,9347.0,9350.0,6119,315693
2025-04-23 21:07:00,9350.0,9354.0,9350.0,9352.0,2499,315685
2025-04-23 21:08:00,9352.0,9353.0,9345.0,9350.0,3494,315429
2025-04-23 21:09:00,9349.0,9349.0,9343.0,9345.0,2498,315497
2025-04-23 21:10:00,9344.0,9344.0,9340.0,9341.0,3365,315569
2025-04-23 21:11:00,9341.0,9347.0,9340.0,9341.0,2091,315675
2025-04-23 21:12:00,9341.0,9346.0,9339.0,9345.0,1204,315642
2025-04-23 21:13:00,9346.0,9346.0,9343.0,9343.0,1156,315635
2025-04-23 21:14:00,9344.0,9347.0,9343.0,9346.0,1255,315627
2025-04-23 21:15:00,9346.0,9349.0,9346.0,9347.0,1471,315603
2025-04-23 21:16:00,9346.0,9351.0,9346.0,9351.0,1389,315656
2025-04-23 21:17:00,9350.0,9358.0,9350.0,9355.0,2263,315720
2025-04-23 21:18:00,9355.0,9355.0,9352.0,9353.0,1141,315837
2025-04-23 21:19:00,9353.0,9354.0,9351.0,9353.0,802,315798
2025-04-23 21:20:00,9352.0,9355.0,9352.0,9354.0,644,315948
2025-04-23 21:21:00,9353.0,9354.0,9352.0,9353.0,630,316091
2025-04-23 21:22:00,9354.0,9355.0,9353.0,9355.0,492,316143
2025-04-23 21:23:00,9355.0,9360.0,9354.0,9359.0,1313,316223
2025-04-23 21:24:00,9359.0,9362.0,9358.0,9358.0,1590,316070
2025-04-23 21:25:00,9358.0,9361.0,9358.0,9358.0,581,316241
2025-04-23 21:26:00,9359.0,9359.0,9356.0,9357.0,726,316486
2025-04-23 21:27:00,9357.0,9357.0,9349.0,9349.0,1638,316075
2025-04-23 21:28:00,9347.0,9351.0,9346.0,9347.0,1427,316020
2025-04-23 21:29:00,9347.0,9353.0,9347.0,9353.0,817,315968
2025-04-23 21:30:00,9352.0,9353.0,9348.0,9348.0,625,316160
2025-04-23 21:31:00,9347.0,9350.0,9342.0,9344.0,1774,316061
2025-04-23 21:32:00,9344.0,9347.0,9342.0,9343.0,1009,316034
2025-04-23 21:33:00,9343.0,9345.0,9342.0,9345.0,941,315986
2025-04-23 21:34:00,9344.0,9345.0,9342.0,9343.0,855,315990
2025-04-23 21:35:00,9344.0,9349.0,9343.0,9349.0,1020,316072
2025-04-23 21:36:00,9349.0,9349.0,9344.0,9344.0,726,316007
2025-04-23 21:37:00,9344.0,9347.0,9344.0,9346.0,371,316017
2025-04-23 21:38:00,9345.0,9358.0,9343.0,9358.0,2283,315807
2025-04-23 21:39:00,9359.0,9359.0,9353.0,9357.0,2037,315755
2025-04-23 21:40:00,9358.0,9358.0,9355.0,9356.0,1068,315813
2025-04-23 21:41:00,9356.0,9361.0,9356.0,9360.0,1718,315751
2025-04-23 21:42:00,9360.0,9361.0,9353.0,9357.0,1322,315666
2025-04-23 21:43:00,9356.0,9357.0,9354.0,9354.0,594,315796
2025-04-23 21:44:00,9355.0,9355.0,9349.0,9351.0,1369,316020
2025-04-23 21:45:00,9351.0,9352.0,9348.0,9352.0,729,316005
2025-04-23 21:46:00,9353.0,9357.0,9352.0,9357.0,754,315987
2025-04-23 21:47:00,9357.0,9361.0,9357.0,9360.0,1033,316067
2025-04-23 21:48:00,9360.0,9362.0,9358.0,9360.0,871,316183
2025-04-23 21:49:00,9360.0,9368.0,9360.0,9365.0,2628,316241
2025-04-23 21:50:00,9365.0,9368.0,9365.0,9365.0,914,316200
2025-04-23 21:51:00,9365.0,9369.0,9365.0,9365.0,1249,316397
2025-04-23 21:52:00,9366.0,9373.0,9365.0,9372.0,1885,316421
2025-04-23 21:53:00,9372.0,9375.0,9368.0,9368.0,2007,316596
2025-04-23 21:54:00,9367.0,9367.0,9361.0,9363.0,1408,316407
2025-04-23 21:55:00,9362.0,9365.0,9362.0,9363.0,605,316494
2025-04-23 21:56:00,9364.0,9366.0,9360.0,9361.0,806,316444
2025-04-23 21:57:00,9361.0,9364.0,9360.0,9362.0,567,316506
2025-04-23 21:58:00,9362.0,9364.0,9362.0,9363.0,531,316578
2025-04-23 21:59:00,9363.0,9365.0,9362.0,9362.0,517,316570
2025-04-23 22:00:00,9363.0,9363.0,9359.0,9360.0,744,316609
2025-04-23 22:01:00,9363.0,9364.0,9357.0,9357.0,1368,316668
2025-04-23 22:02:00,9357.0,9357.0,9353.0,9356.0,1608,316334
2025-04-23 22:03:00,9355.0,9356.0,9352.0,9356.0,854,316201
2025-04-23 22:04:00,9357.0,9358.0,9355.0,9356.0,673,316284
2025-04-23 22:05:00,9356.0,9359.0,9353.0,9359.0,693,316300
2025-04-23 22:06:00,9359.0,9359.0,9354.0,9354.0,650,316452
2025-04-23 22:07:00,9353.0,9357.0,9353.0,9356.0,645,316388
2025-04-23 22:08:00,9356.0,9359.0,9344.0,9346.0,3154,316289
2025-04-23 22:09:00,9345.0,9350.0,9345.0,9347.0,1269,316343
2025-04-23 22:10:00,9348.0,9348.0,9343.0,9343.0,1211,316413
2025-04-23 22:11:00,9342.0,9342.0,9334.0,9334.0,4662,315838
2025-04-23 22:12:00,9334.0,9338.0,9324.0,9326.0,4999,315056
2025-04-23 22:13:00,9324.0,9331.0,9323.0,9325.0,2838,314486
2025-04-23 22:14:00,9324.0,9329.0,9323.0,9325.0,2021,314203
2025-04-23 22:15:00,9325.0,9330.0,9324.0,9330.0,1914,313985
2025-04-23 22:16:00,9329.0,9333.0,9327.0,9328.0,1774,313781
2025-04-23 22:17:00,9328.0,9329.0,9321.0,9322.0,1836,313831
2025-04-23 22:18:00,9324.0,9328.0,9323.0,9327.0,1677,313777
2025-04-23 22:19:00,9327.0,9330.0,9326.0,9328.0,1159,313853
2025-04-23 22:20:00,9329.0,9334.0,9328.0,9334.0,2085,313431
2025-04-23 22:21:00,9333.0,9333.0,9328.0,9332.0,1079,313486
2025-04-23 22:22:00,9331.0,9334.0,9330.0,9330.0,853,313389
2025-04-23 22:23:00,9331.0,9336.0,9330.0,9336.0,1122,313094
2025-04-23 22:24:00,9335.0,9337.0,9325.0,9325.0,2844,312511
2025-04-23 22:25:00,9326.0,9327.0,9318.0,9320.0,4907,311211
2025-04-23 22:26:00,9320.0,9324.0,9318.0,9323.0,1523,311146
2025-04-23 22:27:00,9323.0,9328.0,9323.0,9328.0,1162,310905
2025-04-23 22:28:00,9327.0,9328.0,9321.0,9324.0,1049,310911
2025-04-23 22:29:00,9324.0,9325.0,9320.0,9323.0,821,310775
2025-04-23 22:30:00,9323.0,9325.0,9322.0,9323.0,908,310567
2025-04-23 22:31:00,9323.0,9328.0,9323.0,9326.0,1447,310346
2025-04-23 22:32:00,9325.0,9329.0,9321.0,9321.0,1131,310493
2025-04-23 22:33:00,9322.0,9322.0,9317.0,9322.0,2124,311129
2025-04-23 22:34:00,9322.0,9327.0,9321.0,9327.0,1093,311030
2025-04-23 22:35:00,9327.0,9330.0,9326.0,9330.0,1541,310835
2025-04-23 22:36:00,9330.0,9332.0,9328.0,9330.0,1174,310775
2025-04-23 22:37:00,9330.0,9331.0,9327.0,9330.0,546,310681
2025-04-23 22:38:00,9330.0,9331.0,9329.0,9331.0,504,310554
2025-04-23 22:39:00,9331.0,9333.0,9331.0,9332.0,720,310582
2025-04-23 22:40:00,9331.0,9332.0,9328.0,9332.0,925,310682
2025-04-23 22:41:00,9333.0,9335.0,9331.0,9332.0,695,310637
2025-04-23 22:42:00,9331.0,9335.0,9328.0,9328.0,731,310635
2025-04-23 22:43:00,9327.0,9330.0,9326.0,9329.0,472,310524
2025-04-23 22:44:00,9329.0,9330.0,9327.0,9330.0,409,310538
2025-04-23 22:45:00,9331.0,9334.0,9329.0,9334.0,763,310447
2025-04-23 22:46:00,9334.0,9335.0,9331.0,9334.0,546,310330
2025-04-23 22:47:00,9333.0,9334.0,9330.0,9333.0,356,310328
2025-04-23 22:48:00,9333.0,9337.0,9332.0,9337.0,520,310254
2025-04-23 22:49:00,9336.0,9336.0,9328.0,9329.0,838,310155
2025-04-23 22:50:00,9328.0,9336.0,9328.0,9335.0,520,310005
2025-04-23 22:51:00,9335.0,9335.0,9329.0,9329.0,938,309913
2025-04-23 22:52:00,9330.0,9332.0,9325.0,9328.0,888,309775
2025-04-23 22:53:00,9329.0,9329.0,9326.0,9326.0,353,309627
2025-04-23 22:54:00,9326.0,9328.0,9324.0,9328.0,488,309585
2025-04-23 22:55:00,9328.0,9334.0,9328.0,9332.0,709,309345
2025-04-23 22:56:00,9332.0,9334.0,9331.0,9332.0,296,309227
2025-04-23 22:57:00,9332.0,9335.0,9332.0,9335.0,490,309006
2025-04-23 22:58:00,9335.0,9335.0,9333.0,9334.0,341,308784
2025-04-23 22:59:00,9334.0,9336.0,9333.0,9335.0,780,308368
2025-04-23 23:00:00,9336.0,9344.0,9335.0,9344.0,1761,307350
2025-04-24 09:01:00,9343.0,9359.0,9343.0,9359.0,4708,307088
2025-04-24 09:02:00,9360.0,9366.0,9357.0,9362.0,4160,307318
2025-04-24 09:03:00,9363.0,9367.0,9358.0,9363.0,3273,307788
2025-04-24 09:04:00,9362.0,9362.0,9356.0,9357.0,1923,307739
2025-04-24 09:05:00,9357.0,9360.0,9356.0,9357.0,1515,307551
2025-04-24 09:06:00,9357.0,9363.0,9356.0,9363.0,1633,307557
2025-04-24 09:07:00,9363.0,9364.0,9354.0,9354.0,1331,307612
2025-04-24 09:08:00,9356.0,9361.0,9355.0,9361.0,859,307623
2025-04-24 09:09:00,9362.0,9364.0,9361.0,9363.0,887,307644
2025-04-24 09:10:00,9364.0,9369.0,9364.0,9367.0,2902,308047
2025-04-24 09:11:00,9367.0,9369.0,9364.0,9368.0,2196,308343
2025-04-24 09:12:00,9368.0,9370.0,9364.0,9369.0,1012,308434
2025-04-24 09:13:00,9370.0,9375.0,9366.0,9375.0,2369,308832
2025-04-24 09:14:00,9375.0,9381.0,9374.0,9381.0,3658,309484
2025-04-24 09:15:00,9383.0,9384.0,9377.0,9383.0,2582,310406
2025-04-24 09:16:00,9383.0,9383.0,9372.0,9374.0,2657,310801
2025-04-24 09:17:00,9375.0,9381.0,9373.0,9380.0,2027,311314
2025-04-24 09:18:00,9380.0,9380.0,9377.0,9379.0,1299,311894
2025-04-24 09:19:00,9379.0,9386.0,9377.0,9386.0,3303,312660
2025-04-24 09:20:00,9387.0,9392.0,9387.0,9388.0,3609,313647
2025-04-24 09:21:00,9389.0,9389.0,9384.0,9386.0,1508,313843
2025-04-24 09:22:00,9385.0,9385.0,9380.0,9383.0,1586,313960
2025-04-24 09:23:00,9381.0,9389.0,9380.0,9380.0,3109,314799
2025-04-24 09:24:00,9380.0,9382.0,9380.0,9380.0,940,315005
2025-04-24 09:25:00,9380.0,9383.0,9380.0,9382.0,600,315139
2025-04-24 09:26:00,9383.0,9383.0,9376.0,9376.0,1283,315018
2025-04-24 09:27:00,9376.0,9379.0,9375.0,9378.0,946,315086
2025-04-24 09:28:00,9379.0,9380.0,9375.0,9375.0,1052,315261
2025-04-24 09:29:00,9375.0,9379.0,9374.0,9375.0,740,315261
2025-04-24 09:30:00,9376.0,9377.0,9373.0,9377.0,939,315178
2025-04-24 09:31:00,9376.0,9377.0,9371.0,9372.0,1477,315005
2025-04-24 09:32:00,9373.0,9376.0,9372.0,9373.0,834,314909
2025-04-24 09:33:00,9373.0,9375.0,9370.0,9374.0,987,314686
2025-04-24 09:34:00,9374.0,9376.0,9373.0,9375.0,539,314641
2025-04-24 09:35:00,9375.0,9378.0,9373.0,9377.0,578,314641
2025-04-24 09:36:00,9377.0,9380.0,9374.0,9374.0,930,314800
2025-04-24 09:37:00,9374.0,9380.0,9370.0,9379.0,1422,315068
2025-04-24 09:38:00,9379.0,9379.0,9375.0,9378.0,843,315248
2025-04-24 09:39:00,9379.0,9380.0,9377.0,9378.0,502,315186
2025-04-24 09:40:00,9378.0,9380.0,9374.0,9375.0,454,315251
2025-04-24 09:41:00,9374.0,9374.0,9370.0,9371.0,1532,315168
2025-04-24 09:42:00,9370.0,9374.0,9368.0,9372.0,820,315091
2025-04-24 09:43:00,9371.0,9372.0,9368.0,9369.0,524,315031
2025-04-24 09:44:00,9369.0,9372.0,9368.0,9368.0,644,314947
2025-04-24 09:45:00,9368.0,9372.0,9368.0,9371.0,440,314987
2025-04-24 09:46:00,9371.0,9384.0,9370.0,9382.0,1349,315104
2025-04-24 09:47:00,9381.0,9382.0,9378.0,9378.0,763,315238
2025-04-24 09:48:00,9378.0,9382.0,9377.0,9377.0,1007,315532
2025-04-24 09:49:00,9378.0,9378.0,9370.0,9371.0,1186,315418
2025-04-24 09:50:00,9372.0,9375.0,9371.0,9374.0,495,315461
2025-04-24 09:51:00,9374.0,9375.0,9369.0,9369.0,458,315521
2025-04-24 09:52:00,9370.0,9372.0,9369.0,9371.0,484,315541
2025-04-24 09:53:00,9371.0,9375.0,9370.0,9370.0,1028,315585
2025-04-24 09:54:00,9370.0,9372.0,9370.0,9372.0,417,315730
2025-04-24 09:55:00,9372.0,9375.0,9370.0,9375.0,349,315684
2025-04-24 09:56:00,9373.0,9377.0,9373.0,9377.0,413,315683
2025-04-24 09:57:00,9378.0,9379.0,9376.0,9376.0,425,315808
2025-04-24 09:58:00,9375.0,9376.0,9369.0,9369.0,716,315812
2025-04-24 09:59:00,9369.0,9373.0,9369.0,9373.0,444,315885
2025-04-24 10:00:00,9372.0,9373.0,9369.0,9372.0,381,315892
2025-04-24 10:01:00,9372.0,9373.0,9365.0,9367.0,1303,315737
2025-04-24 10:02:00,9367.0,9369.0,9365.0,9368.0,726,315630
2025-04-24 10:03:00,9368.0,9368.0,9365.0,9367.0,593,315479
2025-04-24 10:04:00,9368.0,9375.0,9368.0,9375.0,996,315574
2025-04-24 10:05:00,9373.0,9374.0,9371.0,9372.0,381,315645
2025-04-24 10:06:00,9372.0,9377.0,9365.0,9366.0,1266,315601
2025-04-24 10:07:00,9367.0,9372.0,9366.0,9371.0,383,315595
2025-04-24 10:08:00,9371.0,9372.0,9369.0,9372.0,263,315580
2025-04-24 10:09:00,9372.0,9376.0,9370.0,9371.0,1221,315564
2025-04-24 10:10:00,9370.0,9375.0,9370.0,9375.0,431,315590
2025-04-24 10:11:00,9375.0,9383.0,9375.0,9376.0,2809,315550
2025-04-24 10:12:00,9377.0,9378.0,9376.0,9377.0,414,315555
2025-04-24 10:13:00,9377.0,9380.0,9377.0,9379.0,737,315454
2025-04-24 10:14:00,9379.0,9380.0,9372.0,9375.0,1220,315309
2025-04-24 10:15:00,9375.0,9375.0,9368.0,9370.0,1115,314966
2025-04-24 10:31:00,9372.0,9403.0,9372.0,9397.0,12437,317321
2025-04-24 10:32:00,9398.0,9398.0,9389.0,9392.0,3690,318166
2025-04-24 10:33:00,9392.0,9392.0,9387.0,9387.0,1379,318404
2025-04-24 10:34:00,9387.0,9390.0,9387.0,9389.0,776,318572
2025-04-24 10:35:00,9390.0,9390.0,9385.0,9388.0,1338,318497
2025-04-24 10:36:00,9388.0,9392.0,9386.0,9390.0,1226,318767
2025-04-24 10:37:00,9390.0,9398.0,9389.0,9391.0,2585,319744
2025-04-24 10:38:00,9392.0,9397.0,9390.0,9397.0,1152,320048
2025-04-24 10:39:00,9397.0,9398.0,9394.0,9397.0,1449,320504
2025-04-24 10:40:00,9397.0,9409.0,9397.0,9403.0,5771,322164
2025-04-24 10:41:00,9403.0,9411.0,9402.0,9406.0,4074,323138
2025-04-24 10:42:00,9407.0,9408.0,9397.0,9397.0,2040,322893
2025-04-24 10:43:00,9397.0,9399.0,9391.0,9391.0,2149,322757
2025-04-24 10:44:00,9391.0,9396.0,9391.0,9394.0,1624,322934
2025-04-24 10:45:00,9394.0,9395.0,9393.0,9394.0,530,322966
2025-04-24 10:46:00,9393.0,9397.0,9387.0,9388.0,1920,322694
2025-04-24 10:47:00,9387.0,9395.0,9387.0,9395.0,801,322762
2025-04-24 10:48:00,9395.0,9398.0,9394.0,9394.0,834,322884
2025-04-24 10:49:00,9395.0,9398.0,9394.0,9397.0,604,322948
2025-04-24 10:50:00,9398.0,9399.0,9393.0,9394.0,717,322808
2025-04-24 10:51:00,9394.0,9394.0,9390.0,9390.0,666,322764
2025-04-24 10:52:00,9391.0,9396.0,9390.0,9395.0,597,322850
2025-04-24 10:53:00,9394.0,9395.0,9391.0,9393.0,420,322858
2025-04-24 10:54:00,9394.0,9395.0,9392.0,9394.0,325,322926
2025-04-24 10:55:00,9394.0,9402.0,9394.0,9400.0,926,323038
2025-04-24 10:56:00,9400.0,9400.0,9396.0,9396.0,592,323171
2025-04-24 10:57:00,9397.0,9401.0,9395.0,9395.0,800,323246
2025-04-24 10:58:00,9395.0,9395.0,9393.0,9394.0,426,323255
2025-04-24 10:59:00,9395.0,9400.0,9394.0,9399.0,543,323407
2025-04-24 11:00:00,9399.0,9405.0,9399.0,9402.0,1766,323916
2025-04-24 11:01:00,9402.0,9402.0,9398.0,9399.0,801,324248
2025-04-24 11:02:00,9399.0,9401.0,9397.0,9399.0,797,324332
2025-04-24 11:03:00,9400.0,9400.0,9397.0,9400.0,652,324492
2025-04-24 11:04:00,9401.0,9401.0,9397.0,9400.0,588,324625
2025-04-24 11:05:00,9400.0,9403.0,9400.0,9401.0,693,324869
2025-04-24 11:06:00,9401.0,9401.0,9394.0,9395.0,798,324915
2025-04-24 11:07:00,9394.0,9395.0,9388.0,9391.0,1478,324769
2025-04-24 11:08:00,9391.0,9395.0,9391.0,9395.0,352,324778
2025-04-24 11:09:00,9394.0,9395.0,9392.0,9392.0,291,324775
2025-04-24 11:10:00,9393.0,9394.0,9390.0,9392.0,521,324820
2025-04-24 11:11:00,9392.0,9396.0,9392.0,9396.0,530,324746
2025-04-24 11:12:00,9395.0,9395.0,9392.0,9392.0,492,324844
2025-04-24 11:13:00,9392.0,9393.0,9390.0,9391.0,548,324835
2025-04-24 11:14:00,9391.0,9394.0,9391.0,9394.0,413,324852
2025-04-24 11:15:00,9393.0,9396.0,9390.0,9390.0,769,324881
2025-04-24 11:16:00,9390.0,9394.0,9389.0,9392.0,809,324843
2025-04-24 11:17:00,9393.0,9393.0,9386.0,9389.0,1412,324548
2025-04-24 11:18:00,9388.0,9390.0,9381.0,9381.0,1306,324315
2025-04-24 11:19:00,9382.0,9388.0,9381.0,9387.0,1291,323959
2025-04-24 11:20:00,9388.0,9388.0,9381.0,9382.0,1147,323841
2025-04-24 11:21:00,9382.0,9390.0,9379.0,9390.0,1767,323531
2025-04-24 11:22:00,9389.0,9391.0,9388.0,9390.0,580,323499
2025-04-24 11:23:00,9389.0,9389.0,9386.0,9389.0,391,323464
2025-04-24 11:24:00,9389.0,9390.0,9388.0,9390.0,389,323443
2025-04-24 11:25:00,9390.0,9391.0,9387.0,9387.0,578,323509
2025-04-24 11:26:00,9387.0,9388.0,9383.0,9387.0,592,323401
2025-04-24 11:27:00,9388.0,9395.0,9387.0,9395.0,998,323318
2025-04-24 11:28:00,9394.0,9398.0,9389.0,9389.0,1296,323530
2025-04-24 11:29:00,9388.0,9388.0,9380.0,9381.0,1906,323612
2025-04-24 11:30:00,9381.0,9381.0,9373.0,9376.0,2574,322682
2025-04-24 13:31:00,9376.0,9383.0,9374.0,9382.0,1334,322729
2025-04-24 13:32:00,9383.0,9386.0,9382.0,9385.0,974,322967
2025-04-24 13:33:00,9384.0,9388.0,9382.0,9386.0,966,323012
2025-04-24 13:34:00,9386.0,9387.0,9380.0,9380.0,884,323121
2025-04-24 13:35:00,9380.0,9382.0,9379.0,9381.0,663,323152
2025-04-24 13:36:00,9380.0,9383.0,9378.0,9382.0,729,323254
2025-04-24 13:37:00,9383.0,9383.0,9380.0,9380.0,416,323365
2025-04-24 13:38:00,9381.0,9383.0,9381.0,9381.0,481,323317
2025-04-24 13:39:00,9381.0,9382.0,9375.0,9377.0,1016,323356
2025-04-24 13:40:00,9377.0,9380.0,9377.0,9379.0,563,323536
2025-04-24 13:41:00,9380.0,9381.0,9378.0,9379.0,633,323657
2025-04-24 13:42:00,9379.0,9380.0,9377.0,9380.0,283,323567
2025-04-24 13:43:00,9380.0,9380.0,9376.0,9379.0,684,323532
2025-04-24 13:44:00,9379.0,9383.0,9379.0,9383.0,576,323452
2025-04-24 13:45:00,9384.0,9384.0,9375.0,9377.0,1127,323618
2025-04-24 13:46:00,9376.0,9385.0,9376.0,9385.0,837,323620
2025-04-24 13:47:00,9385.0,9385.0,9382.0,9382.0,438,323628
2025-04-24 13:48:00,9382.0,9382.0,9379.0,9379.0,300,323727
2025-04-24 13:49:00,9380.0,9382.0,9380.0,9381.0,658,323592
2025-04-24 13:50:00,9381.0,9382.0,9380.0,9381.0,445,323690
2025-04-24 13:51:00,9381.0,9384.0,9380.0,9382.0,462,323708
2025-04-24 13:52:00,9383.0,9383.0,9375.0,9378.0,948,323830
2025-04-24 13:53:00,9378.0,9379.0,9377.0,9377.0,304,323834
2025-04-24 13:54:00,9377.0,9379.0,9375.0,9376.0,632,323823
2025-04-24 13:55:00,9377.0,9380.0,9377.0,9380.0,418,323795
2025-04-24 13:56:00,9379.0,9381.0,9378.0,9380.0,397,323782
2025-04-24 13:57:00,9380.0,9384.0,9379.0,9384.0,587,323773
2025-04-24 13:58:00,9383.0,9384.0,9381.0,9382.0,412,323818
2025-04-24 13:59:00,9382.0,9385.0,9382.0,9384.0,481,323981
2025-04-24 14:00:00,9384.0,9385.0,9381.0,9382.0,844,324076
2025-04-24 14:01:00,9382.0,9389.0,9382.0,9386.0,971,324114
2025-04-24 14:02:00,9386.0,9388.0,9385.0,9385.0,1144,324391
2025-04-24 14:03:00,9385.0,9390.0,9384.0,9389.0,1376,324528
2025-04-24 14:04:00,9389.0,9389.0,9385.0,9387.0,635,324671
2025-04-24 14:05:00,9386.0,9390.0,9386.0,9388.0,768,324682
2025-04-24 14:06:00,9387.0,9389.0,9386.0,9389.0,495,324617
2025-04-24 14:07:00,9390.0,9391.0,9386.0,9391.0,2196,325409
2025-04-24 14:08:00,9391.0,9395.0,9388.0,9393.0,957,325602
2025-04-24 14:09:00,9393.0,9395.0,9391.0,9391.0,904,325866
2025-04-24 14:10:00,9392.0,9394.0,9390.0,9390.0,714,326003
2025-04-24 14:11:00,9391.0,9391.0,9389.0,9389.0,528,326092
2025-04-24 14:12:00,9388.0,9390.0,9388.0,9388.0,595,326010
2025-04-24 14:13:00,9388.0,9390.0,9388.0,9390.0,254,326027
2025-04-24 14:14:00,9389.0,9391.0,9387.0,9388.0,525,326109
2025-04-24 14:15:00,9388.0,9388.0,9385.0,9387.0,561,326004
2025-04-24 14:16:00,9388.0,9392.0,9385.0,9390.0,689,326060
2025-04-24 14:17:00,9390.0,9392.0,9386.0,9386.0,475,326098
2025-04-24 14:18:00,9387.0,9387.0,9384.0,9385.0,673,326144
2025-04-24 14:19:00,9384.0,9387.0,9382.0,9387.0,483,326115
2025-04-24 14:20:00,9387.0,9393.0,9387.0,9391.0,928,326151
2025-04-24 14:21:00,9392.0,9392.0,9387.0,9387.0,419,326261
2025-04-24 14:22:00,9388.0,9390.0,9386.0,9386.0,276,326312
2025-04-24 14:23:00,9387.0,9389.0,9387.0,9388.0,456,326267
2025-04-24 14:24:00,9389.0,9390.0,9387.0,9390.0,191,326283
2025-04-24 14:25:00,9389.0,9391.0,9388.0,9388.0,512,326369
2025-04-24 14:26:00,9389.0,9392.0,9388.0,9391.0,529,326514
2025-04-24 14:27:00,9390.0,9395.0,9389.0,9394.0,1197,326701
2025-04-24 14:28:00,9394.0,9400.0,9392.0,9393.0,2343,327338
2025-04-24 14:29:00,9393.0,9396.0,9393.0,9394.0,581,327276
2025-04-24 14:30:00,9394.0,9395.0,9392.0,9392.0,443,327316
2025-04-24 14:31:00,9392.0,9395.0,9391.0,9391.0,516,327361
2025-04-24 14:32:00,9392.0,9396.0,9392.0,9396.0,528,327354
2025-04-24 14:33:00,9395.0,9398.0,9394.0,9398.0,776,327595
2025-04-24 14:34:00,9399.0,9399.0,9396.0,9398.0,622,327739
2025-04-24 14:35:00,9398.0,9398.0,9390.0,9391.0,977,327728
2025-04-24 14:36:00,9391.0,9394.0,9389.0,9390.0,945,327695
2025-04-24 14:37:00,9389.0,9390.0,9385.0,9388.0,1133,327555
2025-04-24 14:38:00,9388.0,9390.0,9387.0,9389.0,443,327534
2025-04-24 14:39:00,9389.0,9393.0,9389.0,9391.0,529,327557
2025-04-24 14:40:00,9391.0,9393.0,9391.0,9392.0,221,327610
2025-04-24 14:41:00,9392.0,9392.0,9389.0,9390.0,331,327573
2025-04-24 14:42:00,9391.0,9392.0,9389.0,9389.0,350,327564
2025-04-24 14:43:00,9388.0,9389.0,9385.0,9388.0,682,327448
2025-04-24 14:44:00,9388.0,9390.0,9386.0,9390.0,710,327467
2025-04-24 14:45:00,9390.0,9390.0,9387.0,9389.0,198,327476
2025-04-24 14:46:00,9389.0,9390.0,9387.0,9387.0,483,327452
2025-04-24 14:47:00,9388.0,9391.0,9386.0,9390.0,519,327427
2025-04-24 14:48:00,9390.0,9392.0,9387.0,9388.0,468,327472
2025-04-24 14:49:00,9388.0,9390.0,9387.0,9390.0,356,327511
2025-04-24 14:50:00,9389.0,9391.0,9387.0,9389.0,332,327367
2025-04-24 14:51:00,9389.0,9391.0,9387.0,9388.0,510,327375
2025-04-24 14:52:00,9389.0,9389.0,9387.0,9388.0,271,327354
2025-04-24 14:53:00,9389.0,9390.0,9388.0,9390.0,313,327377
2025-04-24 14:54:00,9391.0,9395.0,9390.0,9393.0,1105,327315
2025-04-24 14:55:00,9394.0,9395.0,9392.0,9394.0,1065,327088
2025-04-24 14:56:00,9394.0,9396.0,9393.0,9395.0,682,326907
2025-04-24 14:57:00,9396.0,9397.0,9393.0,9395.0,569,326872
2025-04-24 14:58:00,9395.0,9397.0,9394.0,9397.0,823,326847
2025-04-24 14:59:00,9397.0,9403.0,9397.0,9403.0,2022,327231
2025-04-24 15:00:00,9403.0,9403.0,9390.0,9390.0,2614,326965
2025-04-24 21:01:00,9399.0,9414.0,9396.0,9409.0,9037,328127
2025-04-24 21:02:00,9409.0,9413.0,9396.0,9398.0,5396,328477
2025-04-24 21:03:00,9396.0,9399.0,9380.0,9380.0,4441,328509
2025-04-24 21:04:00,9380.0,9381.0,9373.0,9378.0,4710,327819
2025-04-24 21:05:00,9379.0,9383.0,9376.0,9381.0,2682,327210
2025-04-24 21:06:00,9380.0,9387.0,9380.0,9385.0,2715,327355
2025-04-24 21:07:00,9385.0,9386.0,9381.0,9385.0,1320,327385
2025-04-24 21:08:00,9385.0,9389.0,9380.0,9381.0,2142,327303
2025-04-24 21:09:00,9380.0,9384.0,9380.0,9381.0,1491,327126
2025-04-24 21:10:00,9381.0,9384.0,9381.0,9383.0,1627,326866
2025-04-24 21:11:00,9383.0,9385.0,9376.0,9378.0,1841,327022
2025-04-24 21:12:00,9378.0,9382.0,9376.0,9377.0,1411,326627
2025-04-24 21:13:00,9377.0,9380.0,9367.0,9368.0,3774,326076
2025-04-24 21:14:00,9366.0,9368.0,9355.0,9357.0,6103,324731
2025-04-24 21:15:00,9358.0,9361.0,9353.0,9355.0,3072,324109
2025-04-24 21:16:00,9355.0,9358.0,9347.0,9351.0,6702,322893
2025-04-24 21:17:00,9350.0,9357.0,9350.0,9356.0,3079,322036
2025-04-24 21:18:00,9356.0,9360.0,9354.0,9354.0,1870,321899
2025-04-24 21:19:00,9354.0,9358.0,9354.0,9356.0,829,321818
2025-04-24 21:20:00,9357.0,9362.0,9355.0,9355.0,2159,321846
2025-04-24 21:21:00,9356.0,9356.0,9349.0,9349.0,2612,321879
2025-04-24 21:22:00,9349.0,9355.0,9349.0,9350.0,2090,321630
2025-04-24 21:23:00,9350.0,9352.0,9349.0,9351.0,856,321655
2025-04-24 21:24:00,9351.0,9352.0,9338.0,9342.0,7905,321701
2025-04-24 21:25:00,9341.0,9346.0,9340.0,9346.0,3084,321647
2025-04-24 21:26:00,9346.0,9347.0,9343.0,9344.0,1491,321746
2025-04-24 21:27:00,9345.0,9348.0,9344.0,9346.0,1791,322012
2025-04-24 21:28:00,9346.0,9353.0,9346.0,9353.0,2298,321637
2025-04-24 21:29:00,9353.0,9354.0,9349.0,9350.0,1564,321557
2025-04-24 21:30:00,9350.0,9350.0,9348.0,9349.0,688,321523
2025-04-24 21:31:00,9350.0,9351.0,9344.0,9347.0,1690,321484
2025-04-24 21:32:00,9346.0,9350.0,9346.0,9347.0,875,321506
2025-04-24 21:33:00,9348.0,9350.0,9345.0,9347.0,847,321417
2025-04-24 21:34:00,9346.0,9354.0,9344.0,9353.0,1779,321230
2025-04-24 21:35:00,9353.0,9353.0,9351.0,9352.0,728,321262
2025-04-24 21:36:00,9353.0,9358.0,9353.0,9357.0,1769,321097
2025-04-24 21:37:00,9357.0,9357.0,9352.0,9355.0,1596,321110
2025-04-24 21:38:00,9354.0,9356.0,9354.0,9355.0,677,321059
2025-04-24 21:39:00,9354.0,9356.0,9353.0,9356.0,580,321089
2025-04-24 21:40:00,9356.0,9357.0,9350.0,9353.0,1113,320869
2025-04-24 21:41:00,9353.0,9357.0,9353.0,9357.0,944,320653
2025-04-24 21:42:00,9358.0,9358.0,9354.0,9356.0,640,320622
2025-04-24 21:43:00,9356.0,9356.0,9353.0,9354.0,566,320644
2025-04-24 21:44:00,9353.0,9355.0,9349.0,9349.0,971,320455
2025-04-24 21:45:00,9348.0,9349.0,9346.0,9347.0,1145,320501
2025-04-24 21:46:00,9348.0,9353.0,9347.0,9352.0,750,320464
2025-04-24 21:47:00,9352.0,9354.0,9348.0,9348.0,686,320479
2025-04-24 21:48:00,9349.0,9351.0,9347.0,9348.0,716,320500
2025-04-24 21:49:00,9347.0,9349.0,9343.0,9347.0,1787,320557
2025-04-24 21:50:00,9347.0,9347.0,9343.0,9343.0,1156,320613
2025-04-24 21:51:00,9342.0,9348.0,9342.0,9347.0,703,320521
2025-04-24 21:52:00,9347.0,9347.0,9344.0,9345.0,436,320475
2025-04-24 21:53:00,9345.0,9349.0,9344.0,9348.0,745,320335
2025-04-24 21:54:00,9348.0,9350.0,9348.0,9349.0,462,320398
2025-04-24 21:55:00,9349.0,9356.0,9349.0,9355.0,1287,320234
2025-04-24 21:56:00,9355.0,9362.0,9354.0,9359.0,2312,319942
2025-04-24 21:57:00,9359.0,9362.0,9357.0,9361.0,1444,320013
2025-04-24 21:58:00,9362.0,9364.0,9360.0,9360.0,1300,319850
2025-04-24 21:59:00,9360.0,9362.0,9359.0,9362.0,965,319977
2025-04-24 22:00:00,9362.0,9363.0,9361.0,9362.0,715,320025
2025-04-24 22:01:00,9362.0,9366.0,9362.0,9366.0,1506,320242
2025-04-24 22:02:00,9366.0,9372.0,9366.0,9371.0,2775,320399
2025-04-24 22:03:00,9372.0,9374.0,9366.0,9366.0,1723,320375
2025-04-24 22:04:00,9365.0,9366.0,9363.0,9366.0,1252,320186
2025-04-24 22:05:00,9365.0,9365.0,9360.0,9361.0,843,320017
2025-04-24 22:06:00,9361.0,9361.0,9355.0,9358.0,1792,319877
2025-04-24 22:07:00,9356.0,9362.0,9354.0,9360.0,1357,319705
2025-04-24 22:08:00,9361.0,9365.0,9360.0,9364.0,720,319806
2025-04-24 22:09:00,9365.0,9365.0,9362.0,9362.0,629,319884
2025-04-24 22:10:00,9363.0,9364.0,9361.0,9361.0,508,319807
2025-04-24 22:11:00,9360.0,9361.0,9358.0,9359.0,429,319804
2025-04-24 22:12:00,9359.0,9361.0,9358.0,9360.0,349,319830
2025-04-24 22:13:00,9360.0,9361.0,9359.0,9359.0,420,319803
2025-04-24 22:14:00,9359.0,9364.0,9359.0,9363.0,501,319750
2025-04-24 22:15:00,9364.0,9364.0,9360.0,9360.0,728,319811
2025-04-24 22:16:00,9360.0,9360.0,9355.0,9360.0,1104,319830
2025-04-24 22:17:00,9360.0,9364.0,9360.0,9360.0,851,319758
2025-04-24 22:18:00,9360.0,9362.0,9359.0,9360.0,423,319778
2025-04-24 22:19:00,9360.0,9361.0,9356.0,9356.0,941,319869
2025-04-24 22:20:00,9356.0,9361.0,9355.0,9361.0,574,319782
2025-04-24 22:21:00,9363.0,9365.0,9362.0,9363.0,691,319705
2025-04-24 22:22:00,9363.0,9372.0,9362.0,9370.0,1983,319797
2025-04-24 22:23:00,9371.0,9375.0,9370.0,9374.0,2229,320203
2025-04-24 22:24:00,9374.0,9378.0,9373.0,9376.0,1716,319894
2025-04-24 22:25:00,9377.0,9378.0,9371.0,9372.0,1170,319976
2025-04-24 22:26:00,9372.0,9375.0,9372.0,9375.0,685,320080
2025-04-24 22:27:00,9375.0,9381.0,9375.0,9379.0,2048,320282
2025-04-24 22:28:00,9379.0,9383.0,9377.0,9380.0,1315,320524
2025-04-24 22:29:00,9380.0,9382.0,9378.0,9381.0,968,320793
2025-04-24 22:30:00,9381.0,9388.0,9380.0,9386.0,2672,320956
2025-04-24 22:31:00,9386.0,9386.0,9378.0,9379.0,2278,321626
2025-04-24 22:32:00,9379.0,9379.0,9378.0,9379.0,1489,321840
2025-04-24 22:33:00,9381.0,9385.0,9381.0,9384.0,995,322178
2025-04-24 22:34:00,9383.0,9384.0,9381.0,9382.0,615,322377
2025-04-24 22:35:00,9383.0,9387.0,9383.0,9386.0,1074,322568
2025-04-24 22:36:00,9386.0,9390.0,9386.0,9389.0,1777,322773
2025-04-24 22:37:00,9389.0,9391.0,9386.0,9386.0,960,323080
2025-04-24 22:38:00,9386.0,9389.0,9383.0,9384.0,1104,323336
2025-04-24 22:39:00,9384.0,9385.0,9382.0,9383.0,637,323364
2025-04-24 22:40:00,9383.0,9386.0,9382.0,9386.0,810,323516
2025-04-24 22:41:00,9386.0,9388.0,9384.0,9388.0,551,323626
2025-04-24 22:42:00,9386.0,9395.0,9386.0,9395.0,2114,323551
2025-04-24 22:43:00,9394.0,9397.0,9393.0,9396.0,2827,324103
2025-04-24 22:44:00,9396.0,9396.0,9391.0,9393.0,1330,324431
2025-04-24 22:45:00,9394.0,9397.0,9394.0,9396.0,1511,324896
2025-04-24 22:46:00,9396.0,9402.0,9396.0,9399.0,3184,325819
2025-04-24 22:47:00,9400.0,9402.0,9397.0,9401.0,1780,326359
2025-04-24 22:48:00,9401.0,9402.0,9396.0,9397.0,1444,326673
2025-04-24 22:49:00,9398.0,9399.0,9393.0,9399.0,1546,326652
2025-04-24 22:50:00,9399.0,9401.0,9397.0,9401.0,1132,326953
2025-04-24 22:51:00,9402.0,9402.0,9397.0,9397.0,1109,327061
2025-04-24 22:52:00,9397.0,9399.0,9395.0,9399.0,939,327076
2025-04-24 22:53:00,9398.0,9400.0,9398.0,9399.0,642,327189
2025-04-24 22:54:00,9399.0,9400.0,9398.0,9400.0,517,327294
2025-04-24 22:55:00,9399.0,9402.0,9398.0,9399.0,1298,327455
2025-04-24 22:56:00,9400.0,9400.0,9397.0,9397.0,835,327449
2025-04-24 22:57:00,9398.0,9399.0,9397.0,9398.0,461,327378
2025-04-24 22:58:00,9398.0,9398.0,9391.0,9393.0,1894,327060
2025-04-24 22:59:00,9393.0,9394.0,9389.0,9391.0,1667,326586
2025-04-24 23:00:00,9391.0,9398.0,9391.0,9396.0,1870,325961
2025-04-25 09:01:00,9514.0,9514.0,9434.0,9483.0,28371,328499
2025-04-25 09:02:00,9487.0,9487.0,9473.0,9477.0,8943,328923
2025-04-25 09:03:00,9474.0,9475.0,9459.0,9475.0,6794,329602
2025-04-25 09:04:00,9477.0,9492.0,9477.0,9488.0,7153,331139
2025-04-25 09:05:00,9487.0,9488.0,9482.0,9486.0,3618,332104
2025-04-25 09:06:00,9485.0,9491.0,9483.0,9486.0,4214,332896
2025-04-25 09:07:00,9488.0,9496.0,9487.0,9490.0,3853,333959
2025-04-25 09:08:00,9489.0,9502.0,9487.0,9502.0,4098,335556
2025-04-25 09:09:00,9505.0,9505.0,9491.0,9491.0,4166,336166
2025-04-25 09:10:00,9492.0,9514.0,9492.0,9513.0,5756,337881
2025-04-25 09:11:00,9512.0,9518.0,9507.0,9507.0,4223,338182
2025-04-25 09:12:00,9508.0,9537.0,9507.0,9534.0,7184,340472
2025-04-25 09:13:00,9536.0,9536.0,9518.0,9518.0,4732,341631
2025-04-25 09:14:00,9517.0,9520.0,9514.0,9515.0,2982,341287
2025-04-25 09:15:00,9515.0,9521.0,9511.0,9519.0,2841,341846
2025-04-25 09:16:00,9517.0,9524.0,9515.0,9522.0,2612,342487
2025-04-25 09:17:00,9523.0,9533.0,9520.0,9525.0,3422,343685
2025-04-25 09:18:00,9528.0,9539.0,9527.0,9539.0,4881,345431
2025-04-25 09:19:00,9538.0,9538.0,9523.0,9525.0,2853,346207
2025-04-25 09:20:00,9525.0,9525.0,9520.0,9521.0,2254,346387
2025-04-25 09:21:00,9519.0,9524.0,9515.0,9520.0,2638,346496
2025-04-25 09:22:00,9520.0,9524.0,9517.0,9520.0,1983,346768
2025-04-25 09:23:00,9522.0,9524.0,9519.0,9524.0,1313,347055
2025-04-25 09:24:00,9525.0,9527.0,9521.0,9522.0,1112,347294
2025-04-25 09:25:00,9522.0,9522.0,9515.0,9520.0,2005,347336
2025-04-25 09:26:00,9519.0,9519.0,9515.0,9516.0,1119,347448
2025-04-25 09:27:00,9517.0,9521.0,9514.0,9520.0,1235,347582
2025-04-25 09:28:00,9523.0,9524.0,9520.0,9522.0,889,347828
2025-04-25 09:29:00,9522.0,9543.0,9522.0,9541.0,5777,347448
2025-04-25 09:30:00,9540.0,9540.0,9536.0,9539.0,2216,348247
2025-04-25 09:31:00,9538.0,9546.0,9536.0,9543.0,3719,349015
2025-04-25 09:32:00,9544.0,9546.0,9540.0,9542.0,2495,350265
2025-04-25 09:33:00,9541.0,9541.0,9535.0,9535.0,1849,350745
2025-04-25 09:34:00,9536.0,9539.0,9535.0,9536.0,949,351000
2025-04-25 09:35:00,9536.0,9540.0,9536.0,9538.0,968,351245
2025-04-25 09:36:00,9537.0,9538.0,9532.0,9536.0,1443,351595
2025-04-25 09:37:00,9537.0,9537.0,9531.0,9533.0,1522,351788
2025-04-25 09:38:00,9533.0,9538.0,9533.0,9534.0,1119,352157
2025-04-25 09:39:00,9534.0,9535.0,9531.0,9534.0,1146,352291
2025-04-25 09:40:00,9533.0,9535.0,9532.0,9534.0,1077,352313
2025-04-25 09:41:00,9534.0,9539.0,9531.0,9539.0,1300,352477
2025-04-25 09:42:00,9538.0,9554.0,9537.0,9554.0,3915,353946
2025-04-25 09:43:00,9553.0,9553.0,9545.0,9548.0,3298,354378
2025-04-25 09:44:00,9547.0,9553.0,9546.0,9550.0,1722,355220
2025-04-25 09:45:00,9550.0,9550.0,9541.0,9544.0,1344,355307
2025-04-25 09:46:00,9544.0,9549.0,9543.0,9546.0,974,355497
2025-04-25 09:47:00,9547.0,9552.0,9546.0,9550.0,1072,355838
2025-04-25 09:48:00,9549.0,9550.0,9548.0,9549.0,377771,356197
2025-04-25 09:49:00,9548.0,9549.0,9538.0,9541.0,2025,356579
2025-04-25 09:50:00,9541.0,9545.0,9541.0,9542.0,863,356703
2025-04-25 09:51:00,9542.0,9545.0,9542.0,9542.0,731,356914
2025-04-25 09:52:00,9542.0,9543.0,9537.0,9540.0,1097,356939
2025-04-25 09:53:00,9539.0,9541.0,9535.0,9536.0,916,357124
2025-04-25 09:54:00,9537.0,9538.0,9535.0,9538.0,671,357172
2025-04-25 09:55:00,9538.0,9541.0,9536.0,9540.0,739,357296
2025-04-25 09:56:00,9539.0,9549.0,9539.0,9547.0,1180,357563
2025-04-25 09:57:00,9548.0,9551.0,9546.0,9547.0,1260,357980
2025-04-25 09:58:00,9547.0,9550.0,9541.0,9541.0,900,358165
2025-04-25 09:59:00,9541.0,9550.0,9541.0,9544.0,1654,358770
2025-04-25 10:00:00,9545.0,9558.0,9544.0,9558.0,4172,360141
2025-04-25 10:01:00,9562.0,9566.0,9561.0,9563.0,4992,361059
2025-04-25 10:02:00,9564.0,9564.0,9560.0,9563.0,1819,361782
2025-04-25 10:03:00,9565.0,9570.0,9564.0,9569.0,3273,362792
2025-04-25 10:04:00,9569.0,9571.0,9564.0,9565.0,1650,363202
2025-04-25 10:05:00,9564.0,9571.0,9564.0,9568.0,1639,363757
2025-04-25 10:06:00,9568.0,9571.0,9568.0,9568.0,1138,364110
2025-04-25 10:07:00,9568.0,9568.0,9562.0,9562.0,1614,363995
2025-04-25 10:08:00,9562.0,9565.0,9561.0,9564.0,1171,364012
2025-04-25 10:09:00,9564.0,9566.0,9560.0,9561.0,1008,363985
2025-04-25 10:10:00,9560.0,9564.0,9560.0,9562.0,660,364123
2025-04-25 10:11:00,9563.0,9565.0,9562.0,9562.0,455,364192
2025-04-25 10:12:00,9561.0,9566.0,9560.0,9564.0,638,364283
2025-04-25 10:13:00,9564.0,9565.0,9562.0,9563.0,330,364345
2025-04-25 10:14:00,9564.0,9564.0,9558.0,9560.0,1081,364190
2025-04-25 10:15:00,9560.0,9561.0,9555.0,9559.0,1372,364217
2025-04-25 10:31:00,9559.0,9561.0,9550.0,9560.0,2420,364214
2025-04-25 10:32:00,9559.0,9561.0,9557.0,9560.0,1056,364337
2025-04-25 10:33:00,9561.0,9565.0,9561.0,9565.0,1033,364459
2025-04-25 10:34:00,9565.0,9567.0,9554.0,9556.0,1512,364700
2025-04-25 10:35:00,9555.0,9558.0,9552.0,9553.0,902,364605
2025-04-25 10:36:00,9552.0,9555.0,9549.0,9552.0,1867,364852
2025-04-25 10:37:00,9552.0,9554.0,9548.0,9552.0,900,364766
2025-04-25 10:38:00,9551.0,9551.0,9547.0,9550.0,1392,364661
2025-04-25 10:39:00,9552.0,9555.0,9550.0,9554.0,629,364671
2025-04-25 10:40:00,9555.0,9560.0,9554.0,9557.0,801,364753
2025-04-25 10:41:00,9557.0,9559.0,9556.0,9558.0,465,364863
2025-04-25 10:42:00,9558.0,9558.0,9554.0,9555.0,445,364927
2025-04-25 10:43:00,9555.0,9558.0,9554.0,9555.0,469,364965
2025-04-25 10:44:00,9555.0,9559.0,9554.0,9556.0,441,365088
2025-04-25 10:45:00,9557.0,9561.0,9557.0,9560.0,898,365416
2025-04-25 10:46:00,9560.0,9560.0,9555.0,9557.0,673,365457
2025-04-25 10:47:00,9557.0,9558.0,9555.0,9556.0,292,365504
2025-04-25 10:48:00,9557.0,9557.0,9554.0,9555.0,274,365556
2025-04-25 10:49:00,9555.0,9560.0,9552.0,9558.0,751,365718
2025-04-25 10:50:00,9558.0,9561.0,9553.0,9561.0,791,365826
2025-04-25 10:51:00,9561.0,9562.0,9558.0,9558.0,508,365835
2025-04-25 10:52:00,9558.0,9558.0,9551.0,9552.0,954,365725
2025-04-25 10:53:00,9552.0,9556.0,9551.0,9551.0,466,365734
2025-04-25 10:54:00,9551.0,9555.0,9551.0,9553.0,297,365663
2025-04-25 10:55:00,9553.0,9555.0,9552.0,9552.0,497,365729
2025-04-25 10:56:00,9553.0,9558.0,9551.0,9556.0,967,365703
2025-04-25 10:57:00,9557.0,9559.0,9556.0,9558.0,748,365818
2025-04-25 10:58:00,9558.0,9560.0,9557.0,9559.0,811,365923
2025-04-25 10:59:00,9560.0,9562.0,9554.0,9555.0,1169,366050
2025-04-25 11:00:00,9554.0,9555.0,9543.0,9544.0,2414,365859
2025-04-25 11:01:00,9544.0,9549.0,9543.0,9547.0,1296,365913
2025-04-25 11:02:00,9548.0,9549.0,9544.0,9546.0,857,365940
2025-04-25 11:03:00,9547.0,9551.0,9547.0,9551.0,764,365941
2025-04-25 11:04:00,9551.0,9553.0,9549.0,9552.0,755,366046
2025-04-25 11:05:00,9551.0,9554.0,9550.0,9554.0,549,366056
2025-04-25 11:06:00,9555.0,9555.0,9550.0,9550.0,721,365955
2025-04-25 11:07:00,9551.0,9552.0,9547.0,9552.0,517,365962
2025-04-25 11:08:00,9554.0,9558.0,9553.0,9558.0,808,366025
2025-04-25 11:09:00,9558.0,9559.0,9553.0,9553.0,814,366202
2025-04-25 11:10:00,9554.0,9554.0,9551.0,9553.0,311,366286
2025-04-25 11:11:00,9553.0,9553.0,9550.0,9552.0,460,366210
2025-04-25 11:12:00,9552.0,9554.0,9551.0,9554.0,434,366058
2025-04-25 11:13:00,9553.0,9554.0,9549.0,9552.0,607,365993
2025-04-25 11:14:00,9552.0,9561.0,9551.0,9560.0,1415,365741
2025-04-25 11:15:00,9560.0,9565.0,9558.0,9562.0,1411,365797
2025-04-25 11:16:00,9562.0,9562.0,9557.0,9557.0,830,365839
2025-04-25 11:17:00,9557.0,9558.0,9556.0,9557.0,493,365836
2025-04-25 11:18:00,9557.0,9558.0,9555.0,9555.0,636,365895
2025-04-25 11:19:00,9555.0,9555.0,9551.0,9555.0,1014,365760
2025-04-25 11:20:00,9555.0,9557.0,9554.0,9557.0,394,365732
2025-04-25 11:21:00,9556.0,9557.0,9554.0,9556.0,432,365741
2025-04-25 11:22:00,9555.0,9559.0,9553.0,9558.0,830,365738
2025-04-25 11:23:00,9559.0,9560.0,9557.0,9557.0,445,365833
2025-04-25 11:24:00,9557.0,9561.0,9557.0,9558.0,488,365966
2025-04-25 11:25:00,9558.0,9559.0,9556.0,9556.0,454,365930
2025-04-25 11:26:00,9556.0,9557.0,9552.0,9556.0,788,365793
2025-04-25 11:27:00,9555.0,9559.0,9554.0,9558.0,464964,365914
2025-04-25 11:28:00,9558.0,9558.0,9554.0,9556.0,434,365941
2025-04-25 11:29:00,9558.0,9563.0,9556.0,9562.0,752,365979
2025-04-25 11:30:00,9562.0,9565.0,9561.0,9564.0,1450,365890
2025-04-25 13:31:00,9554.0,9554.0,9542.0,9542.0,3816,365155
2025-04-25 13:32:00,9543.0,9546.0,9540.0,9546.0,2687,365263
2025-04-25 13:33:00,9545.0,9545.0,9541.0,9545.0,1480,365254
2025-04-25 13:34:00,9544.0,9548.0,9541.0,9541.0,1278,365001
2025-04-25 13:35:00,9540.0,9541.0,9536.0,9536.0,1982,364542
2025-04-25 13:36:00,9537.0,9541.0,9537.0,9541.0,1385,364528
2025-04-25 13:37:00,9541.0,9543.0,9539.0,9539.0,917,364557
2025-04-25 13:38:00,9537.0,9539.0,9537.0,9538.0,832,364508
2025-04-25 13:39:00,9538.0,9539.0,9536.0,9537.0,646,364332
2025-04-25 13:40:00,9537.0,9540.0,9532.0,9535.0,1931,364233
2025-04-25 13:41:00,9535.0,9535.0,9533.0,9534.0,758,364167
2025-04-25 13:42:00,9534.0,9535.0,9530.0,9531.0,1587,364044
2025-04-25 13:43:00,9530.0,9532.0,9526.0,9527.0,2301,363967
2025-04-25 13:44:00,9527.0,9528.0,9524.0,9526.0,1560,363668
2025-04-25 13:45:00,9525.0,9528.0,9524.0,9528.0,930,363349
2025-04-25 13:46:00,9528.0,9530.0,9527.0,9527.0,1246,363194
2025-04-25 13:47:00,9527.0,9530.0,9526.0,9526.0,908,363011
2025-04-25 13:48:00,9527.0,9532.0,9526.0,9530.0,1482,362443
2025-04-25 13:49:00,9531.0,9535.0,9531.0,9534.0,1193,362065
2025-04-25 13:50:00,9535.0,9538.0,9533.0,9536.0,966,362040
2025-04-25 13:51:00,9535.0,9537.0,9535.0,9535.0,518,362075
2025-04-25 13:52:00,9535.0,9535.0,9531.0,9532.0,578,362056
2025-04-25 13:53:00,9532.0,9534.0,9529.0,9530.0,740,362068
2025-04-25 13:54:00,9530.0,9532.0,9527.0,9527.0,526,362058
2025-04-25 13:55:00,9527.0,9530.0,9527.0,9530.0,766,362106
2025-04-25 13:56:00,9530.0,9530.0,9522.0,9524.0,1757,362255
2025-04-25 13:57:00,9524.0,9526.0,9521.0,9521.0,1308,362268
2025-04-25 13:58:00,9522.0,9524.0,9520.0,9520.0,946,362132
2025-04-25 13:59:00,9520.0,9525.0,9520.0,9525.0,705,362009
2025-04-25 14:00:00,9525.0,9525.0,9522.0,9522.0,762,361817
2025-04-25 14:01:00,9522.0,9523.0,9514.0,9515.0,2485,361851
2025-04-25 14:02:00,9515.0,9515.0,9507.0,9508.0,2670,361780
2025-04-25 14:03:00,9508.0,9512.0,9507.0,9511.0,1231,361560
2025-04-25 14:04:00,9511.0,9514.0,9511.0,9512.0,772,361483
2025-04-25 14:05:00,9513.0,9515.0,9512.0,9514.0,839,361404
2025-04-25 14:06:00,9514.0,9515.0,9508.0,9510.0,1231,361180
2025-04-25 14:07:00,9510.0,9512.0,9508.0,9509.0,760,361044
2025-04-25 14:08:00,9509.0,9512.0,9506.0,9506.0,1184,360868
2025-04-25 14:09:00,9506.0,9508.0,9504.0,9507.0,1422,360780
2025-04-25 14:10:00,9506.0,9506.0,9498.0,9498.0,2989,360340
2025-04-25 14:11:00,9499.0,9500.0,9496.0,9497.0,2355,360018
2025-04-25 14:12:00,9497.0,9502.0,9497.0,9502.0,2026,359483
2025-04-25 14:13:00,9502.0,9510.0,9502.0,9506.0,2166,359125
2025-04-25 14:14:00,9505.0,9511.0,9505.0,9511.0,1664,359127
2025-04-25 14:15:00,9511.0,9511.0,9506.0,9506.0,713,359039
2025-04-25 14:16:00,9506.0,9512.0,9506.0,9511.0,999,358843
2025-04-25 14:17:00,9511.0,9512.0,9508.0,9510.0,1302,358645
2025-04-25 14:18:00,9510.0,9511.0,9507.0,9510.0,977,358687
2025-04-25 14:19:00,9509.0,9509.0,9500.0,9501.0,1527,358853
2025-04-25 14:20:00,9497.0,9502.0,9496.0,9501.0,1432,358900
2025-04-25 14:21:00,9501.0,9503.0,9499.0,9502.0,908,358825
2025-04-25 14:22:00,9501.0,9502.0,9497.0,9498.0,1542,358841
2025-04-25 14:23:00,9498.0,9501.0,9495.0,9501.0,1752,358729
2025-04-25 14:24:00,9500.0,9500.0,9496.0,9498.0,601,358614
2025-04-25 14:25:00,9498.0,9500.0,9498.0,9499.0,467,358538
2025-04-25 14:26:00,9499.0,9506.0,9498.0,9505.0,1511,358524
2025-04-25 14:27:00,9505.0,9507.0,9503.0,9504.0,1169,358492
2025-04-25 14:28:00,9504.0,9511.0,9502.0,9507.0,1242,358374
2025-04-25 14:29:00,9506.0,9507.0,9505.0,9506.0,493,358268
2025-04-25 14:30:00,9506.0,9507.0,9505.0,9505.0,401,358202
2025-04-25 14:31:00,9506.0,9509.0,9505.0,9506.0,675,357978
2025-04-25 14:32:00,9505.0,9506.0,9503.0,9505.0,673,357915
2025-04-25 14:33:00,9506.0,9506.0,9500.0,9501.0,1059,358065
2025-04-25 14:34:00,9499.0,9506.0,9499.0,9504.0,1248,357831
2025-04-25 14:35:00,9503.0,9503.0,9500.0,9501.0,844,357726
2025-04-25 14:36:00,9501.0,9505.0,9499.0,9501.0,1047,357546
2025-04-25 14:37:00,9501.0,9507.0,9498.0,9499.0,1373,357452
2025-04-25 14:38:00,9499.0,9499.0,9494.0,9498.0,1982,357230
2025-04-25 14:39:00,9498.0,9504.0,9497.0,9503.0,1050,357120
2025-04-25 14:40:00,9503.0,9503.0,9498.0,9498.0,715,357151
2025-04-25 14:41:00,9498.0,9498.0,9490.0,9490.0,2451,356989
2025-04-25 14:42:00,9491.0,9493.0,9489.0,9489.0,1592,356649
2025-04-25 14:43:00,9489.0,9491.0,9487.0,9489.0,2320,355727
2025-04-25 14:44:00,9489.0,9495.0,9489.0,9495.0,1277,355479
2025-04-25 14:45:00,9495.0,9502.0,9493.0,9501.0,1437,355170
2025-04-25 14:46:00,9501.0,9501.0,9493.0,9495.0,1036,355014
2025-04-25 14:47:00,9495.0,9500.0,9495.0,9499.0,923,354778
2025-04-25 14:48:00,9499.0,9499.0,9493.0,9494.0,734,354518
2025-04-25 14:49:00,9493.0,9498.0,9491.0,9498.0,876,354467
2025-04-25 14:50:00,9498.0,9502.0,9497.0,9500.0,862,354323
2025-04-25 14:51:00,9499.0,9508.0,9499.0,9505.0,2038,354115
2025-04-25 14:52:00,9508.0,9508.0,9505.0,9506.0,817,354071
2025-04-25 14:53:00,9505.0,9505.0,9497.0,9502.0,1344,353931
2025-04-25 14:54:00,9502.0,9502.0,9498.0,9498.0,700,353839
2025-04-25 14:55:00,9498.0,9506.0,9497.0,9502.0,1671,353485
2025-04-25 14:56:00,9504.0,9506.0,9501.0,9505.0,1374,353234
2025-04-25 14:57:00,9505.0,9508.0,9504.0,9506.0,1417,352766
2025-04-25 14:58:00,9505.0,9508.0,9504.0,9508.0,1475,352388
2025-04-25 14:59:00,9508.0,9512.0,9507.0,9512.0,2136,351790
2025-04-25 15:00:00,9511.0,9512.0,9506.0,9506.0,1864,351144
